{
    "TRANS JSON ID"
    "A_O_T": 28.0,
    "Budgets": [
        632.3200073242188,
        812.6500244140625,
        3214.320068359375,
        632.3200073242188,
        812.6500244140625,
        3214.320068359375,
        632.3200073242188,
        812.6500244140625,
        3214.320068359375,
        632.3200073242188,
        812.6500244140625,
        3214.320068359375
    ],
    "Income": 0,
    "Name": "FirstName LastName",
    "Scores": [
        3.557692527770996,
        4.987264156341553,
        8.732670783996582,
        3.557692527770996,
        4.987264156341553,
        8.732670783996582,
        3.557692527770996,
        4.987264156341553,
        8.732670783996582,
        3.557692527770996,
        4.987264156341553,
        8.732670783996582
    ],
    "SumDebits": 407.3599853515625
}
