{
    "A_O_T": 7.0,
    "Budgets": [
        500
    ],
    "Income": 0,
    "Name": "FirstName LastName",
    "Scores": [
        1.8528002500534058
    ],
    "SumDebits": 407.3599853515625
}
